卫星-目标对,开始时间,结束时间,持续时长(秒)
Satellite111-m11n1,6 Jun 2025 04:07:37.318,6 Jun 2025 04:22:24.361,887.043
Satellite111-m11n2,6 Jun 2025 04:07:40.812,6 Jun 2025 04:22:42.946,902.134
Satellite111-m11n3,6 Jun 2025 04:07:49.097,6 Jun 2025 04:23:33.755,944.658
Satellite111-m13n1,6 Jun 2025 04:12:01.447,6 Jun 2025 04:24:13.183,731.736
Satellite111-m13n2,6 Jun 2025 04:12:17.322,6 Jun 2025 04:24:48.438,751.116
Satellite111-m13n3,6 Jun 2025 04:12:41.992,6 Jun 2025 04:25:58.163,796.171
Satellite111-m14n1,6 Jun 2025 04:04:04.528,6 Jun 2025 04:17:19.618,795.09
Satellite111-m14n2,6 Jun 2025 04:05:48.935,6 Jun 2025 04:17:11.694,682.759
Satellite111-m14n3,6 Jun 2025 04:07:38.467,6 Jun 2025 04:18:57.955,679.488
Satellite111-m14n4,6 Jun 2025 04:11:24.214,6 Jun 2025 04:18:12.796,408.582
Satellite111-m15n1,6 Jun 2025 04:17:54.051,6 Jun 2025 04:19:30.273,96.222
Satellite111-m15n1,6 Jun 2025 04:22:42.773,6 Jun 2025 04:29:55.744,432.971
Satellite111-m15n2,6 Jun 2025 04:18:13.441,6 Jun 2025 04:19:46.640,93.199
Satellite111-m15n2,6 Jun 2025 04:23:08.942,6 Jun 2025 04:30:17.518,428.576
Satellite111-m15n3,6 Jun 2025 04:18:33.430,6 Jun 2025 04:19:53.537,80.107
Satellite111-m15n3,6 Jun 2025 04:23:47.149,6 Jun 2025 04:30:41.696,414.547
Satellite111-m15n4,6 Jun 2025 04:19:05.242,6 Jun 2025 04:19:52.674,47.432
Satellite111-m15n4,6 Jun 2025 04:25:05.168,6 Jun 2025 04:25:29.622,24.454
Satellite111-m15n4,6 Jun 2025 04:29:01.953,6 Jun 2025 04:31:22.350,140.397
Satellite111-m15n5,6 Jun 2025 04:19:13.400,6 Jun 2025 04:20:16.541,63.141
Satellite111-m15n5,6 Jun 2025 04:24:53.665,6 Jun 2025 04:26:01.342,67.677
Satellite111-m15n5,6 Jun 2025 04:28:52.834,6 Jun 2025 04:31:28.356,155.522
Satellite111-m18n1,6 Jun 2025 04:26:19.025,6 Jun 2025 04:29:39.611,200.586
Satellite111-m18n2,6 Jun 2025 04:26:27.944,6 Jun 2025 04:30:07.482,219.538
Satellite111-m18n3,6 Jun 2025 04:26:41.064,6 Jun 2025 04:30:56.408,255.344
Satellite111-m18n4,6 Jun 2025 04:26:30.228,6 Jun 2025 04:30:04.879,214.651
Satellite111-m1n1,6 Jun 2025 04:10:10.545,6 Jun 2025 04:23:04.738,774.193
Satellite111-m1n2,6 Jun 2025 04:10:25.910,6 Jun 2025 04:23:33.812,787.902
Satellite111-m1n3,6 Jun 2025 04:10:42.428,6 Jun 2025 04:24:06.746,804.318
Satellite111-m1n4,6 Jun 2025 04:10:53.418,6 Jun 2025 04:23:58.177,784.759
Satellite111-m2n2,6 Jun 2025 04:03:46.884,6 Jun 2025 04:06:49.947,183.063
Satellite111-m2n3,6 Jun 2025 04:04:33.368,6 Jun 2025 04:08:12.050,218.682
Satellite111-m2n4,6 Jun 2025 04:05:13.552,6 Jun 2025 04:11:08.823,355.271
Satellite111-m3n1,6 Jun 2025 04:11:37.044,6 Jun 2025 04:23:48.287,731.243
Satellite111-m3n2,6 Jun 2025 04:11:50.604,6 Jun 2025 04:23:55.521,724.917
Satellite111-m3n3,6 Jun 2025 04:12:17.748,6 Jun 2025 04:24:44.026,746.278
Satellite111-m3n4,6 Jun 2025 04:12:32.003,6 Jun 2025 04:18:35.075,363.072
Satellite111-m3n4,6 Jun 2025 04:19:15.950,6 Jun 2025 04:24:53.737,337.787
Satellite111-m6n1,6 Jun 2025 04:19:18.120,6 Jun 2025 04:20:47.947,89.827
Satellite111-m6n1,6 Jun 2025 04:26:35.733,6 Jun 2025 04:30:28.337,232.604
Satellite111-m6n2,6 Jun 2025 04:19:50.431,6 Jun 2025 04:20:32.337,41.906
Satellite111-m6n2,6 Jun 2025 04:29:00.925,6 Jun 2025 04:31:05.216,124.291
Satellite111-m6n3,6 Jun 2025 04:20:16.213,6 Jun 2025 04:21:00.500,44.287
Satellite111-m6n3,6 Jun 2025 04:29:34.945,6 Jun 2025 04:31:30.599,115.654
Satellite111-m6n4,6 Jun 2025 04:20:37.011,6 Jun 2025 04:21:30.335,53.324
Satellite111-m6n4,6 Jun 2025 04:29:52.750,6 Jun 2025 04:31:49.730,116.98
Satellite111-m7n1,6 Jun 2025 04:04:33.188,6 Jun 2025 04:18:30.134,836.946
Satellite111-m7n2,6 Jun 2025 04:05:44.257,6 Jun 2025 04:19:50.094,845.837
Satellite111-m7n3,6 Jun 2025 04:08:05.728,6 Jun 2025 04:21:38.330,812.602
Satellite111-m7n4,6 Jun 2025 04:10:51.989,6 Jun 2025 04:21:03.042,611.053
Satellite112-m10n1,6 Jun 2025 04:13:58.710,6 Jun 2025 04:16:08.322,129.612
Satellite112-m10n1,6 Jun 2025 04:24:31.529,6 Jun 2025 04:25:28.959,57.43
Satellite112-m10n2,6 Jun 2025 04:14:13.543,6 Jun 2025 04:16:32.898,139.355
Satellite112-m10n2,6 Jun 2025 04:25:11.155,6 Jun 2025 04:26:05.575,54.42
Satellite112-m10n3,6 Jun 2025 04:14:26.684,6 Jun 2025 04:16:54.796,148.112
Satellite112-m10n3,6 Jun 2025 04:25:42.499,6 Jun 2025 04:26:34.669,52.17
Satellite112-m10n4,6 Jun 2025 04:14:38.882,6 Jun 2025 04:17:16.608,157.726
Satellite112-m10n4,6 Jun 2025 04:26:13.254,6 Jun 2025 04:27:03.464,50.21
Satellite112-m11n1,6 Jun 2025 04:03:22.327,6 Jun 2025 04:10:21.301,418.974
Satellite112-m11n2,6 Jun 2025 04:03:49.482,6 Jun 2025 04:10:20.895,391.413
Satellite112-m11n3,6 Jun 2025 04:04:07.623,6 Jun 2025 04:10:17.923,370.3
Satellite112-m12n1,6 Jun 2025 04:03:43.416,6 Jun 2025 04:08:45.970,302.554
Satellite112-m12n2,6 Jun 2025 04:04:24.966,6 Jun 2025 04:09:39.560,314.594
Satellite112-m12n3,6 Jun 2025 04:04:47.743,6 Jun 2025 04:10:54.828,367.085
Satellite112-m12n4,6 Jun 2025 04:06:12.338,6 Jun 2025 04:10:05.538,233.2
Satellite112-m13n1,6 Jun 2025 04:02:32.065,6 Jun 2025 04:13:59.173,687.108
Satellite112-m13n2,6 Jun 2025 04:03:29.863,6 Jun 2025 04:14:15.297,645.434
Satellite112-m13n3,6 Jun 2025 04:03:58.337,6 Jun 2025 04:14:34.059,635.722
Satellite112-m15n1,6 Jun 2025 04:07:47.912,6 Jun 2025 04:14:17.469,389.557
Satellite112-m15n1,6 Jun 2025 04:17:15.308,6 Jun 2025 04:19:07.449,112.141
Satellite112-m15n2,6 Jun 2025 04:08:10.076,6 Jun 2025 04:14:43.131,393.055
Satellite112-m15n2,6 Jun 2025 04:17:32.075,6 Jun 2025 04:19:25.506,113.431
Satellite112-m15n3,6 Jun 2025 04:08:30.541,6 Jun 2025 04:14:46.234,375.693
Satellite112-m15n3,6 Jun 2025 04:18:04.309,6 Jun 2025 04:19:43.112,98.803
Satellite112-m15n4,6 Jun 2025 04:08:57.360,6 Jun 2025 04:14:09.882,312.522
Satellite112-m15n4,6 Jun 2025 04:19:14.303,6 Jun 2025 04:20:09.586,55.283
Satellite112-m15n5,6 Jun 2025 04:09:12.669,6 Jun 2025 04:15:09.641,356.972
Satellite112-m15n5,6 Jun 2025 04:18:58.373,6 Jun 2025 04:20:18.401,80.028
Satellite112-m16n1,6 Jun 2025 04:04:32.457,6 Jun 2025 04:06:16.216,103.759
Satellite112-m18n1,6 Jun 2025 04:13:06.004,6 Jun 2025 04:16:04.265,178.261
Satellite112-m18n1,6 Jun 2025 04:17:33.220,6 Jun 2025 04:19:26.750,113.53
Satellite112-m18n1,6 Jun 2025 04:20:30.144,6 Jun 2025 04:26:36.061,365.917
Satellite112-m18n2,6 Jun 2025 04:13:21.286,6 Jun 2025 04:19:33.773,372.487
Satellite112-m18n2,6 Jun 2025 04:20:54.077,6 Jun 2025 04:26:52.956,358.879
Satellite112-m18n3,6 Jun 2025 04:13:40.345,6 Jun 2025 04:16:27.373,167.028
Satellite112-m18n3,6 Jun 2025 04:18:32.507,6 Jun 2025 04:19:55.435,82.928
Satellite112-m18n3,6 Jun 2025 04:21:13.298,6 Jun 2025 04:27:18.243,364.945
Satellite112-m18n4,6 Jun 2025 04:13:46.428,6 Jun 2025 04:19:22.090,335.662
Satellite112-m18n4,6 Jun 2025 04:21:45.689,6 Jun 2025 04:27:04.243,318.554
Satellite112-m1n1,6 Jun 2025 04:03:36.907,6 Jun 2025 04:11:56.530,499.623
Satellite112-m1n2,6 Jun 2025 04:04:03.199,6 Jun 2025 04:12:09.134,485.935
Satellite112-m1n3,6 Jun 2025 04:04:15.254,6 Jun 2025 04:12:21.563,486.309
Satellite112-m1n4,6 Jun 2025 04:06:13.178,6 Jun 2025 04:12:34.333,381.155
Satellite112-m3n1,6 Jun 2025 04:02:20.167,6 Jun 2025 04:04:28.919,128.752
Satellite112-m3n1,6 Jun 2025 04:07:57.363,6 Jun 2025 04:13:12.210,314.847
Satellite112-m3n2,6 Jun 2025 04:08:33.659,6 Jun 2025 04:13:27.521,293.862
Satellite112-m3n3,6 Jun 2025 04:08:39.433,6 Jun 2025 04:13:53.175,313.742
Satellite112-m3n4,6 Jun 2025 04:09:12.490,6 Jun 2025 04:14:08.430,295.94
Satellite112-m6n1,6 Jun 2025 04:09:11.542,6 Jun 2025 04:15:01.322,349.78
Satellite112-m6n1,6 Jun 2025 04:18:16.388,6 Jun 2025 04:19:59.482,103.094
Satellite112-m6n2,6 Jun 2025 04:09:32.618,6 Jun 2025 04:13:18.504,225.886
Satellite112-m6n2,6 Jun 2025 04:19:37.844,6 Jun 2025 04:20:24.292,46.448
Satellite112-m6n3,6 Jun 2025 04:09:59.291,6 Jun 2025 04:14:17.493,258.202
Satellite112-m6n3,6 Jun 2025 04:20:00.109,6 Jun 2025 04:20:50.448,50.339
Satellite112-m6n4,6 Jun 2025 04:10:22.840,6 Jun 2025 04:15:33.429,310.589
Satellite112-m6n4,6 Jun 2025 04:20:08.978,6 Jun 2025 04:21:12.136,63.158
Satellite112-m8n2,6 Jun 2025 04:05:48.789,6 Jun 2025 04:06:29.133,40.344
Satellite112-m8n3,6 Jun 2025 04:05:53.903,6 Jun 2025 04:07:52.952,119.049
Satellite112-m8n4,6 Jun 2025 04:06:51.104,6 Jun 2025 04:08:21.986,90.882
Satellite112-m9n1,6 Jun 2025 04:04:10.531,6 Jun 2025 04:05:14.798,64.267
Satellite113-m10n1,6 Jun 2025 04:03:25.187,6 Jun 2025 04:15:33.122,727.935
Satellite113-m10n2,6 Jun 2025 04:04:02.627,6 Jun 2025 04:15:53.100,710.473
Satellite113-m10n3,6 Jun 2025 04:04:34.241,6 Jun 2025 04:16:08.953,694.712
Satellite113-m10n4,6 Jun 2025 04:05:06.981,6 Jun 2025 04:16:22.635,675.654
Satellite113-m15n1,6 Jun 2025 04:03:14.366,6 Jun 2025 04:07:43.533,269.167
Satellite113-m15n2,6 Jun 2025 04:03:50.126,6 Jun 2025 04:08:01.013,250.887
Satellite113-m15n3,6 Jun 2025 04:04:20.238,6 Jun 2025 04:08:16.446,236.208
Satellite113-m15n4,6 Jun 2025 04:04:52.673,6 Jun 2025 04:08:37.270,224.597
Satellite113-m15n5,6 Jun 2025 04:05:22.404,6 Jun 2025 04:08:48.640,206.236
Satellite113-m17n1,6 Jun 2025 04:11:30.051,6 Jun 2025 04:11:41.440,11.389
Satellite113-m17n2,6 Jun 2025 04:12:01.497,6 Jun 2025 04:12:05.291,3.794
Satellite113-m18n1,6 Jun 2025 04:03:46.674,6 Jun 2025 04:14:11.701,625.027
Satellite113-m18n2,6 Jun 2025 04:04:14.370,6 Jun 2025 04:14:22.001,607.631
Satellite113-m18n3,6 Jun 2025 04:04:42.140,6 Jun 2025 04:14:32.183,590.043
Satellite113-m18n4,6 Jun 2025 04:05:21.600,6 Jun 2025 04:14:39.912,558.312
Satellite113-m6n1,6 Jun 2025 04:06:01.470,6 Jun 2025 04:09:56.838,235.368
Satellite113-m6n2,6 Jun 2025 04:06:13.866,6 Jun 2025 04:10:15.953,242.087
Satellite113-m6n3,6 Jun 2025 04:06:55.683,6 Jun 2025 04:10:44.943,229.26
Satellite113-m6n4,6 Jun 2025 04:07:33.627,6 Jun 2025 04:11:10.405,216.778
Satellite115-m6n1,6 Jun 2025 04:38:40.797,6 Jun 2025 04:38:54.002,13.205
Satellite115-m6n2,6 Jun 2025 04:39:32.431,6 Jun 2025 04:40:27.570,55.139
Satellite115-m6n3,6 Jun 2025 04:40:01.540,6 Jun 2025 04:41:11.956,70.416
Satellite115-m6n4,6 Jun 2025 04:40:22.101,6 Jun 2025 04:41:41.290,79.189
Satellite116-m15n1,6 Jun 2025 04:28:59.096,6 Jun 2025 04:34:03.685,304.589
Satellite116-m15n2,6 Jun 2025 04:29:19.017,6 Jun 2025 04:34:44.707,325.69
Satellite116-m15n3,6 Jun 2025 04:29:41.592,6 Jun 2025 04:35:58.924,377.332
Satellite116-m15n4,6 Jun 2025 04:30:21.555,6 Jun 2025 04:39:11.381,529.826
Satellite116-m15n5,6 Jun 2025 04:30:25.785,6 Jun 2025 04:39:16.278,530.493
Satellite116-m1n2,6 Jun 2025 04:25:49.536,6 Jun 2025 04:27:05.176,75.64
Satellite116-m1n3,6 Jun 2025 04:25:35.694,6 Jun 2025 04:28:15.930,160.236
Satellite116-m1n4,6 Jun 2025 04:25:38.600,6 Jun 2025 04:27:31.591,112.991
Satellite116-m3n1,6 Jun 2025 04:23:47.992,6 Jun 2025 04:24:58.472,70.48
Satellite116-m3n2,6 Jun 2025 04:23:52.821,6 Jun 2025 04:25:02.375,69.554
Satellite116-m3n3,6 Jun 2025 04:24:25.375,6 Jun 2025 04:26:31.972,126.597
Satellite116-m3n4,6 Jun 2025 04:24:31.129,6 Jun 2025 04:26:40.142,129.013
Satellite116-m6n1,6 Jun 2025 04:29:19.220,6 Jun 2025 04:33:22.390,243.17
Satellite116-m6n2,6 Jun 2025 04:30:02.415,6 Jun 2025 04:34:31.551,269.136
Satellite116-m6n2,6 Jun 2025 04:37:58.676,6 Jun 2025 04:40:36.150,157.474
Satellite116-m6n3,6 Jun 2025 04:30:29.457,6 Jun 2025 04:35:06.326,276.869
Satellite116-m6n3,6 Jun 2025 04:38:04.916,6 Jun 2025 04:41:27.470,202.554
Satellite116-m6n4,6 Jun 2025 04:30:49.519,6 Jun 2025 04:35:30.082,280.563
Satellite116-m6n4,6 Jun 2025 04:38:14.511,6 Jun 2025 04:41:47.836,213.325
Satellite121-m10n1,6 Jun 2025 04:18:27.098,6 Jun 2025 04:22:51.257,264.159
Satellite121-m10n2,6 Jun 2025 04:18:52.122,6 Jun 2025 04:23:17.223,265.101
Satellite121-m10n3,6 Jun 2025 04:19:12.028,6 Jun 2025 04:23:39.408,267.38
Satellite121-m10n4,6 Jun 2025 04:19:28.024,6 Jun 2025 04:24:05.948,277.924
Satellite121-m11n1,6 Jun 2025 04:10:55.635,6 Jun 2025 04:16:07.327,311.692
Satellite121-m11n2,6 Jun 2025 04:11:23.563,6 Jun 2025 04:16:06.219,282.656
Satellite121-m11n3,6 Jun 2025 04:12:17.104,6 Jun 2025 04:15:56.739,219.635
Satellite121-m13n1,6 Jun 2025 04:02:53.525,6 Jun 2025 04:16:01.568,788.043
Satellite121-m13n2,6 Jun 2025 04:04:21.238,6 Jun 2025 04:16:53.831,752.593
Satellite121-m13n3,6 Jun 2025 04:05:13.772,6 Jun 2025 04:18:05.689,771.917
Satellite121-m14n1,6 Jun 2025 04:10:44.869,6 Jun 2025 04:18:20.284,455.415
Satellite121-m14n2,6 Jun 2025 04:11:34.558,6 Jun 2025 04:18:31.540,416.982
Satellite121-m15n1,6 Jun 2025 04:13:05.884,6 Jun 2025 04:15:39.903,154.019
Satellite121-m15n1,6 Jun 2025 04:21:36.268,6 Jun 2025 04:23:43.611,127.343
Satellite121-m15n2,6 Jun 2025 04:13:22.817,6 Jun 2025 04:15:58.899,156.082
Satellite121-m15n2,6 Jun 2025 04:22:06.802,6 Jun 2025 04:24:06.200,119.398
Satellite121-m15n3,6 Jun 2025 04:13:39.609,6 Jun 2025 04:16:05.050,145.441
Satellite121-m15n3,6 Jun 2025 04:22:50.309,6 Jun 2025 04:24:29.613,99.304
Satellite121-m15n4,6 Jun 2025 04:14:02.851,6 Jun 2025 04:15:56.278,113.427
Satellite121-m15n4,6 Jun 2025 04:24:11.721,6 Jun 2025 04:25:06.351,54.63
Satellite121-m15n5,6 Jun 2025 04:14:13.159,6 Jun 2025 04:16:28.174,135.015
Satellite121-m15n5,6 Jun 2025 04:24:05.650,6 Jun 2025 04:25:15.564,69.914
Satellite121-m18n1,6 Jun 2025 04:17:07.120,6 Jun 2025 04:27:30.391,623.271
Satellite121-m18n2,6 Jun 2025 04:17:23.677,6 Jun 2025 04:27:45.968,622.291
Satellite121-m18n3,6 Jun 2025 04:17:45.920,6 Jun 2025 04:28:11.576,625.656
Satellite121-m18n4,6 Jun 2025 04:17:44.099,6 Jun 2025 04:27:56.839,612.74
Satellite121-m1n1,6 Jun 2025 04:02:43.249,6 Jun 2025 04:13:00.131,616.882
Satellite121-m1n2,6 Jun 2025 04:03:28.506,6 Jun 2025 04:13:40.807,612.301
Satellite121-m1n3,6 Jun 2025 04:04:06.944,6 Jun 2025 04:14:20.679,613.735
Satellite121-m1n4,6 Jun 2025 04:06:15.082,6 Jun 2025 04:14:43.080,507.998
Satellite121-m3n1,6 Jun 2025 04:03:53.042,6 Jun 2025 04:14:40.669,647.627
Satellite121-m3n2,6 Jun 2025 04:03:50.805,6 Jun 2025 04:15:11.320,680.515
Satellite121-m3n3,6 Jun 2025 04:03:51.796,6 Jun 2025 04:16:13.462,741.666
Satellite121-m3n4,6 Jun 2025 04:04:33.917,6 Jun 2025 04:16:41.336,727.419
Satellite121-m6n1,6 Jun 2025 04:10:49.005,6 Jun 2025 04:17:03.733,374.728
Satellite121-m6n1,6 Jun 2025 04:17:44.744,6 Jun 2025 04:18:28.318,43.574
Satellite121-m6n1,6 Jun 2025 04:22:19.813,6 Jun 2025 04:24:03.375,103.562
Satellite121-m6n2,6 Jun 2025 04:11:10.700,6 Jun 2025 04:13:51.753,161.053
Satellite121-m6n2,6 Jun 2025 04:23:39.873,6 Jun 2025 04:24:29.113,49.24
Satellite121-m6n3,6 Jun 2025 04:11:39.296,6 Jun 2025 04:14:34.607,175.311
Satellite121-m6n3,6 Jun 2025 04:24:04.615,6 Jun 2025 04:24:52.717,48.102
Satellite121-m6n4,6 Jun 2025 04:12:04.192,6 Jun 2025 04:15:25.057,200.865
Satellite121-m6n4,6 Jun 2025 04:24:15.914,6 Jun 2025 04:25:11.120,55.206
Satellite121-m7n1,6 Jun 2025 04:11:20.638,6 Jun 2025 04:18:49.218,448.58
Satellite121-m7n2,6 Jun 2025 04:14:13.107,6 Jun 2025 04:16:24.921,131.814
Satellite122-m10n1,6 Jun 2025 04:06:28.536,6 Jun 2025 04:14:21.108,472.572
Satellite122-m10n2,6 Jun 2025 04:06:51.402,6 Jun 2025 04:14:53.199,481.797
Satellite122-m10n3,6 Jun 2025 04:07:10.875,6 Jun 2025 04:15:19.323,488.448
Satellite122-m10n4,6 Jun 2025 04:07:29.138,6 Jun 2025 04:15:47.336,498.198
Satellite122-m13n1,6 Jun 2025 04:02:27.948,6 Jun 2025 04:03:10.152,42.204
Satellite122-m15n1,6 Jun 2025 04:02:33.100,6 Jun 2025 04:05:54.990,201.89
Satellite122-m15n1,6 Jun 2025 04:09:16.829,6 Jun 2025 04:13:57.846,281.017
Satellite122-m15n2,6 Jun 2025 04:03:10.886,6 Jun 2025 04:06:01.501,170.615
Satellite122-m15n2,6 Jun 2025 04:09:41.955,6 Jun 2025 04:14:18.159,276.204
Satellite122-m15n3,6 Jun 2025 04:03:46.951,6 Jun 2025 04:06:08.480,141.529
Satellite122-m15n3,6 Jun 2025 04:10:02.824,6 Jun 2025 04:14:37.304,274.48
Satellite122-m15n4,6 Jun 2025 04:04:30.116,6 Jun 2025 04:06:23.948,113.832
Satellite122-m15n4,6 Jun 2025 04:10:25.395,6 Jun 2025 04:15:02.996,277.601
Satellite122-m15n5,6 Jun 2025 04:05:30.636,6 Jun 2025 04:05:52.840,22.204
Satellite122-m15n5,6 Jun 2025 04:10:46.073,6 Jun 2025 04:15:15.822,269.749
Satellite122-m17n1,6 Jun 2025 04:10:35.414,6 Jun 2025 04:11:38.611,63.197
Satellite122-m17n2,6 Jun 2025 04:10:44.491,6 Jun 2025 04:11:59.603,75.112
Satellite122-m17n3,6 Jun 2025 04:10:55.539,6 Jun 2025 04:12:18.769,83.23
Satellite122-m17n4,6 Jun 2025 04:11:22.194,6 Jun 2025 04:13:37.356,135.162
Satellite122-m17n5,6 Jun 2025 04:11:39.479,6 Jun 2025 04:14:08.557,149.078
Satellite122-m18n1,6 Jun 2025 04:06:14.897,6 Jun 2025 04:16:58.338,643.441
Satellite122-m18n2,6 Jun 2025 04:06:32.896,6 Jun 2025 04:17:15.679,642.783
Satellite122-m18n3,6 Jun 2025 04:06:51.546,6 Jun 2025 04:17:37.288,645.742
Satellite122-m18n4,6 Jun 2025 04:07:12.977,6 Jun 2025 04:17:45.779,632.802
Satellite122-m1n1,6 Jun 2025 04:02:20.024,6 Jun 2025 04:02:31.506,11.482
Satellite122-m20n1,6 Jun 2025 04:18:47.781,6 Jun 2025 04:22:46.837,239.056
Satellite122-m20n2,6 Jun 2025 04:18:58.651,6 Jun 2025 04:22:59.201,240.55
Satellite122-m20n3,6 Jun 2025 04:19:11.854,6 Jun 2025 04:23:10.922,239.068
Satellite122-m20n4,6 Jun 2025 04:20:13.793,6 Jun 2025 04:25:05.142,291.349
Satellite122-m20n5,6 Jun 2025 04:20:33.324,6 Jun 2025 04:25:27.805,294.481
Satellite122-m3n1,6 Jun 2025 04:02:53.951,6 Jun 2025 04:05:58.259,184.308
Satellite122-m3n2,6 Jun 2025 04:03:37.094,6 Jun 2025 04:06:13.020,155.926
Satellite122-m3n3,6 Jun 2025 04:04:02.732,6 Jun 2025 04:06:25.114,142.382
Satellite122-m3n4,6 Jun 2025 04:04:44.989,6 Jun 2025 04:06:35.858,110.869
Satellite122-m4n1,6 Jun 2025 04:36:36.844,6 Jun 2025 04:39:00.537,143.693
Satellite122-m4n2,6 Jun 2025 04:36:39.043,6 Jun 2025 04:39:44.381,185.338
Satellite122-m4n3,6 Jun 2025 04:36:46.226,6 Jun 2025 04:40:34.021,227.795
Satellite122-m4n4,6 Jun 2025 04:36:52.310,6 Jun 2025 04:40:55.061,242.751
Satellite122-m4n5,6 Jun 2025 04:37:08.263,6 Jun 2025 04:41:42.618,274.355
Satellite122-m6n1,6 Jun 2025 04:03:58.283,6 Jun 2025 04:10:52.979,414.696
Satellite122-m6n2,6 Jun 2025 04:04:27.735,6 Jun 2025 04:10:53.590,385.855
Satellite122-m6n3,6 Jun 2025 04:05:16.631,6 Jun 2025 04:11:03.531,346.9
Satellite122-m6n4,6 Jun 2025 04:06:02.933,6 Jun 2025 04:11:09.604,306.671
Satellite123-m10n1,6 Jun 2025 04:03:53.203,6 Jun 2025 04:06:11.804,138.601
Satellite123-m10n2,6 Jun 2025 04:04:36.449,6 Jun 2025 04:06:43.846,127.397
Satellite123-m10n3,6 Jun 2025 04:05:12.043,6 Jun 2025 04:07:09.983,117.94
Satellite123-m10n4,6 Jun 2025 04:05:47.647,6 Jun 2025 04:07:36.554,108.907
Satellite123-m15n1,6 Jun 2025 04:02:45.199,6 Jun 2025 04:03:56.386,71.187
Satellite123-m15n2,6 Jun 2025 04:03:18.271,6 Jun 2025 04:04:16.699,58.428
Satellite123-m15n3,6 Jun 2025 04:03:48.502,6 Jun 2025 04:04:34.986,46.484
Satellite123-m15n4,6 Jun 2025 04:04:23.475,6 Jun 2025 04:04:56.995,33.52
Satellite123-m15n5,6 Jun 2025 04:04:54.854,6 Jun 2025 04:05:12.574,17.72
Satellite123-m17n1,6 Jun 2025 04:08:59.166,6 Jun 2025 04:11:42.623,163.457
Satellite123-m17n2,6 Jun 2025 04:09:12.750,6 Jun 2025 04:12:06.181,173.431
Satellite123-m17n3,6 Jun 2025 04:09:38.320,6 Jun 2025 04:12:28.234,169.914
Satellite123-m17n4,6 Jun 2025 04:09:41.237,6 Jun 2025 04:13:05.153,203.916
Satellite123-m17n5,6 Jun 2025 04:10:08.284,6 Jun 2025 04:13:26.939,198.655
Satellite123-m18n1,6 Jun 2025 04:03:57.153,6 Jun 2025 04:06:51.952,174.799
Satellite123-m18n2,6 Jun 2025 04:04:28.296,6 Jun 2025 04:07:12.556,164.26
Satellite123-m18n3,6 Jun 2025 04:04:56.386,6 Jun 2025 04:07:33.505,157.119
Satellite123-m18n4,6 Jun 2025 04:05:49.882,6 Jun 2025 04:07:59.474,129.592
Satellite123-m19n1,6 Jun 2025 04:07:09.456,6 Jun 2025 04:12:41.737,332.281
Satellite123-m19n2,6 Jun 2025 04:07:54.157,6 Jun 2025 04:13:07.869,313.712
Satellite123-m19n3,6 Jun 2025 04:08:21.751,6 Jun 2025 04:13:21.992,300.241
Satellite123-m19n4,6 Jun 2025 04:09:12.263,6 Jun 2025 04:13:41.972,269.709
Satellite123-m4n1,6 Jun 2025 04:36:00.714,6 Jun 2025 04:39:05.385,184.671
Satellite125-m10n1,6 Jun 2025 04:36:19.547,6 Jun 2025 04:41:04.586,285.039
Satellite125-m10n2,6 Jun 2025 04:36:53.907,6 Jun 2025 04:42:19.661,325.754
Satellite125-m10n3,6 Jun 2025 04:37:21.704,6 Jun 2025 04:43:25.997,364.293
Satellite125-m10n4,6 Jun 2025 04:37:49.669,6 Jun 2025 04:44:28.077,398.408
Satellite125-m15n1,6 Jun 2025 04:35:01.086,6 Jun 2025 04:36:05.683,64.597
Satellite125-m15n2,6 Jun 2025 04:35:22.804,6 Jun 2025 04:36:46.383,83.579
Satellite125-m15n3,6 Jun 2025 04:35:48.424,6 Jun 2025 04:37:37.077,108.653
Satellite125-m15n4,6 Jun 2025 04:36:32.654,6 Jun 2025 04:39:10.409,157.755
Satellite125-m15n5,6 Jun 2025 04:36:36.979,6 Jun 2025 04:39:15.092,158.113
Satellite126-m10n1,6 Jun 2025 04:28:17.362,6 Jun 2025 04:33:54.291,336.929
Satellite126-m10n2,6 Jun 2025 04:28:52.665,6 Jun 2025 04:34:11.806,319.141
Satellite126-m10n3,6 Jun 2025 04:29:20.694,6 Jun 2025 04:34:27.190,306.496
Satellite126-m10n4,6 Jun 2025 04:29:46.895,6 Jun 2025 04:34:44.459,297.564
Satellite126-m11n1,6 Jun 2025 04:17:18.955,6 Jun 2025 04:21:13.576,234.621
Satellite126-m11n2,6 Jun 2025 04:17:32.098,6 Jun 2025 04:21:28.635,236.537
Satellite126-m11n3,6 Jun 2025 04:18:04.628,6 Jun 2025 04:22:28.077,263.449
Satellite126-m14n1,6 Jun 2025 04:18:11.203,6 Jun 2025 04:18:22.190,10.987
Satellite126-m14n2,6 Jun 2025 04:18:08.464,6 Jun 2025 04:18:32.568,24.104
Satellite126-m14n3,6 Jun 2025 04:18:11.740,6 Jun 2025 04:20:28.851,137.111
Satellite126-m14n4,6 Jun 2025 04:18:12.568,6 Jun 2025 04:20:26.726,134.158
Satellite126-m15n1,6 Jun 2025 04:24:47.831,6 Jun 2025 04:32:43.469,475.638
Satellite126-m15n2,6 Jun 2025 04:25:04.669,6 Jun 2025 04:33:09.444,484.775
Satellite126-m15n3,6 Jun 2025 04:25:23.701,6 Jun 2025 04:33:39.016,495.315
Satellite126-m15n4,6 Jun 2025 04:25:54.352,6 Jun 2025 04:34:30.724,516.372
Satellite126-m15n5,6 Jun 2025 04:26:00.163,6 Jun 2025 04:34:36.385,516.222
Satellite126-m18n1,6 Jun 2025 04:27:10.774,6 Jun 2025 04:29:15.521,124.747
Satellite126-m18n2,6 Jun 2025 04:27:28.456,6 Jun 2025 04:29:41.327,132.871
Satellite126-m18n3,6 Jun 2025 04:27:56.513,6 Jun 2025 04:30:26.336,149.823
Satellite126-m18n4,6 Jun 2025 04:27:38.161,6 Jun 2025 04:29:42.556,124.395
Satellite126-m6n1,6 Jun 2025 04:23:36.668,6 Jun 2025 04:32:10.458,513.79
Satellite126-m6n2,6 Jun 2025 04:23:50.326,6 Jun 2025 04:25:20.778,90.452
Satellite126-m6n2,6 Jun 2025 04:28:46.652,6 Jun 2025 04:33:16.045,269.393
Satellite126-m6n3,6 Jun 2025 04:24:03.623,6 Jun 2025 04:25:18.258,74.635
Satellite126-m6n3,6 Jun 2025 04:29:52.229,6 Jun 2025 04:33:55.022,242.793
Satellite126-m6n4,6 Jun 2025 04:24:13.397,6 Jun 2025 04:25:33.335,79.938
Satellite126-m6n4,6 Jun 2025 04:30:22.637,6 Jun 2025 04:34:23.436,240.799
Satellite126-m7n1,6 Jun 2025 04:16:43.826,6 Jun 2025 04:18:44.515,120.689
Satellite126-m7n2,6 Jun 2025 04:16:55.784,6 Jun 2025 04:19:48.970,173.186
Satellite126-m7n3,6 Jun 2025 04:17:15.624,6 Jun 2025 04:21:05.364,229.74
Satellite126-m7n4,6 Jun 2025 04:17:14.017,6 Jun 2025 04:20:44.923,210.906
Satellite131-m10n1,6 Jun 2025 04:06:47.239,6 Jun 2025 04:13:39.083,411.844
Satellite131-m10n1,6 Jun 2025 04:15:55.354,6 Jun 2025 04:17:39.957,104.603
Satellite131-m10n2,6 Jun 2025 04:07:20.154,6 Jun 2025 04:14:59.368,459.214
Satellite131-m10n2,6 Jun 2025 04:15:30.499,6 Jun 2025 04:18:00.901,150.402
Satellite131-m10n3,6 Jun 2025 04:07:47.449,6 Jun 2025 04:18:17.823,630.374
Satellite131-m10n4,6 Jun 2025 04:08:15.262,6 Jun 2025 04:18:36.435,621.173
Satellite131-m15n1,6 Jun 2025 04:06:34.781,6 Jun 2025 04:17:22.178,647.397
Satellite131-m15n2,6 Jun 2025 04:06:37.341,6 Jun 2025 04:17:59.263,681.922
Satellite131-m15n3,6 Jun 2025 04:06:42.003,6 Jun 2025 04:18:33.786,711.783
Satellite131-m15n4,6 Jun 2025 04:06:48.299,6 Jun 2025 04:14:46.964,478.665
Satellite131-m15n4,6 Jun 2025 04:17:15.648,6 Jun 2025 04:19:20.792,125.144
Satellite131-m15n5,6 Jun 2025 04:06:55.148,6 Jun 2025 04:19:38.607,763.459
Satellite131-m18n1,6 Jun 2025 04:07:35.528,6 Jun 2025 04:15:40.800,485.272
Satellite131-m18n1,6 Jun 2025 04:17:24.628,6 Jun 2025 04:20:39.395,194.767
Satellite131-m18n2,6 Jun 2025 04:07:55.924,6 Jun 2025 04:16:22.821,506.897
Satellite131-m18n2,6 Jun 2025 04:17:16.710,6 Jun 2025 04:20:52.582,215.872
Satellite131-m18n3,6 Jun 2025 04:08:17.958,6 Jun 2025 04:15:50.561,452.603
Satellite131-m18n3,6 Jun 2025 04:18:19.276,6 Jun 2025 04:21:10.474,171.198
Satellite131-m18n4,6 Jun 2025 04:08:41.118,6 Jun 2025 04:21:12.493,751.375
Satellite131-m19n1,6 Jun 2025 04:24:24.826,6 Jun 2025 04:26:54.160,149.334
Satellite131-m19n2,6 Jun 2025 04:23:33.697,6 Jun 2025 04:27:47.787,254.09
Satellite131-m19n3,6 Jun 2025 04:23:21.883,6 Jun 2025 04:28:05.524,283.641
Satellite131-m19n4,6 Jun 2025 04:23:15.997,6 Jun 2025 04:27:58.278,282.281
Satellite131-m20n4,6 Jun 2025 04:25:23.178,6 Jun 2025 04:26:17.011,53.833
Satellite131-m20n5,6 Jun 2025 04:24:56.851,6 Jun 2025 04:26:42.440,105.589
Satellite131-m6n1,6 Jun 2025 04:08:58.950,6 Jun 2025 04:15:52.186,413.236
Satellite131-m6n2,6 Jun 2025 04:09:07.946,6 Jun 2025 04:16:09.312,421.366
Satellite131-m6n3,6 Jun 2025 04:09:40.304,6 Jun 2025 04:16:34.675,414.371
Satellite131-m6n4,6 Jun 2025 04:10:06.465,6 Jun 2025 04:16:54.234,407.769
Satellite132-m10n1,6 Jun 2025 04:02:45.742,6 Jun 2025 04:05:14.431,148.689
Satellite132-m10n2,6 Jun 2025 04:03:37.686,6 Jun 2025 04:05:32.234,114.548
Satellite132-m10n3,6 Jun 2025 04:04:21.001,6 Jun 2025 04:05:44.988,83.987
Satellite132-m10n4,6 Jun 2025 04:05:03.913,6 Jun 2025 04:06:01.258,57.345
Satellite132-m15n1,6 Jun 2025 04:04:22.347,6 Jun 2025 04:08:40.003,257.656
Satellite132-m15n2,6 Jun 2025 04:04:43.598,6 Jun 2025 04:08:52.024,248.426
Satellite132-m15n3,6 Jun 2025 04:05:02.511,6 Jun 2025 04:09:02.475,239.964
Satellite132-m15n4,6 Jun 2025 04:05:22.022,6 Jun 2025 04:09:12.602,230.58
Satellite132-m15n5,6 Jun 2025 04:05:44.829,6 Jun 2025 04:09:21.247,216.418
Satellite132-m17n1,6 Jun 2025 04:04:16.904,6 Jun 2025 04:08:49.209,272.305
Satellite132-m17n2,6 Jun 2025 04:04:31.431,6 Jun 2025 04:09:02.856,271.425
Satellite132-m17n3,6 Jun 2025 04:04:50.636,6 Jun 2025 04:09:22.396,271.76
Satellite132-m17n4,6 Jun 2025 04:05:19.572,6 Jun 2025 04:09:56.303,276.731
Satellite132-m17n5,6 Jun 2025 04:06:00.866,6 Jun 2025 04:10:22.464,261.598
Satellite132-m18n1,6 Jun 2025 04:02:32.387,6 Jun 2025 04:06:59.558,267.171
Satellite132-m18n2,6 Jun 2025 04:03:11.689,6 Jun 2025 04:07:08.380,236.691
Satellite132-m18n3,6 Jun 2025 04:03:47.189,6 Jun 2025 04:07:16.308,209.119
Satellite132-m18n4,6 Jun 2025 04:04:54.804,6 Jun 2025 04:07:30.042,155.238
Satellite132-m19n1,6 Jun 2025 04:06:45.189,6 Jun 2025 04:24:35.680,1070.491
Satellite132-m19n2,6 Jun 2025 04:07:14.117,6 Jun 2025 04:24:48.026,1053.909
Satellite132-m19n3,6 Jun 2025 04:07:32.275,6 Jun 2025 04:24:52.903,1040.628
Satellite132-m19n4,6 Jun 2025 04:08:02.191,6 Jun 2025 04:24:56.817,1014.626
Satellite132-m20n1,6 Jun 2025 04:06:53.771,6 Jun 2025 04:13:32.261,398.49
Satellite132-m20n1,6 Jun 2025 04:16:35.023,6 Jun 2025 04:22:45.181,370.158
Satellite132-m20n2,6 Jun 2025 04:07:07.889,6 Jun 2025 04:13:27.466,379.577
Satellite132-m20n2,6 Jun 2025 04:17:02.601,6 Jun 2025 04:22:56.263,353.662
Satellite132-m20n3,6 Jun 2025 04:07:26.896,6 Jun 2025 04:13:20.600,353.704
Satellite132-m20n3,6 Jun 2025 04:17:37.463,6 Jun 2025 04:23:08.846,331.383
Satellite132-m20n4,6 Jun 2025 04:07:53.390,6 Jun 2025 04:14:25.186,391.796
Satellite132-m20n4,6 Jun 2025 04:17:38.449,6 Jun 2025 04:24:04.360,385.911
Satellite132-m20n5,6 Jun 2025 04:08:11.657,6 Jun 2025 04:14:33.511,381.854
Satellite132-m20n5,6 Jun 2025 04:17:57.275,6 Jun 2025 04:24:17.798,380.523
Satellite132-m4n1,6 Jun 2025 04:07:13.003,6 Jun 2025 04:13:49.756,396.753
Satellite132-m4n1,6 Jun 2025 04:28:51.309,6 Jun 2025 04:37:30.847,519.538
Satellite132-m4n2,6 Jun 2025 04:07:02.604,6 Jun 2025 04:14:29.621,447.017
Satellite132-m4n2,6 Jun 2025 04:29:37.937,6 Jun 2025 04:38:18.494,520.557
Satellite132-m4n3,6 Jun 2025 04:06:58.570,6 Jun 2025 04:14:47.202,468.632
Satellite132-m4n3,6 Jun 2025 04:30:51.069,6 Jun 2025 04:39:02.296,491.227
Satellite132-m4n4,6 Jun 2025 04:07:00.936,6 Jun 2025 04:15:51.403,530.467
Satellite132-m4n4,6 Jun 2025 04:30:56.409,6 Jun 2025 04:39:22.002,505.593
Satellite132-m4n5,6 Jun 2025 04:07:09.741,6 Jun 2025 04:16:01.356,531.615
Satellite132-m4n5,6 Jun 2025 04:32:12.185,6 Jun 2025 04:39:50.059,457.874
Satellite133-m20n1,6 Jun 2025 04:02:33.439,6 Jun 2025 04:07:32.727,299.288
Satellite133-m20n2,6 Jun 2025 04:03:15.585,6 Jun 2025 04:07:25.717,250.132
Satellite133-m20n3,6 Jun 2025 04:04:15.818,6 Jun 2025 04:07:04.129,168.311
Satellite133-m20n4,6 Jun 2025 04:04:49.179,6 Jun 2025 04:06:08.579,79.4
Satellite135-m10n1,6 Jun 2025 04:28:35.310,6 Jun 2025 04:37:19.759,524.449
Satellite135-m10n2,6 Jun 2025 04:28:52.153,6 Jun 2025 04:37:56.267,544.114
Satellite135-m10n3,6 Jun 2025 04:29:06.723,6 Jun 2025 04:38:25.226,558.503
Satellite135-m10n4,6 Jun 2025 04:29:23.047,6 Jun 2025 04:31:31.236,128.189
Satellite135-m10n4,6 Jun 2025 04:33:01.279,6 Jun 2025 04:38:54.099,352.82
Satellite136-m10n1,6 Jun 2025 04:16:28.000,6 Jun 2025 04:17:36.001,68.001
Satellite136-m10n1,6 Jun 2025 04:27:34.393,6 Jun 2025 04:28:42.703,68.31
Satellite136-m10n2,6 Jun 2025 04:16:51.762,6 Jun 2025 04:18:04.858,73.096
Satellite136-m10n2,6 Jun 2025 04:28:05.847,6 Jun 2025 04:29:09.382,63.535
Satellite136-m10n3,6 Jun 2025 04:17:11.399,6 Jun 2025 04:18:29.168,77.769
Satellite136-m10n3,6 Jun 2025 04:28:31.077,6 Jun 2025 04:29:30.943,59.866
Satellite136-m10n4,6 Jun 2025 04:17:32.608,6 Jun 2025 04:18:55.001,82.393
Satellite136-m10n4,6 Jun 2025 04:28:56.361,6 Jun 2025 04:29:53.072,56.711
Satellite136-m18n1,6 Jun 2025 04:19:07.712,6 Jun 2025 04:29:50.442,642.73
Satellite136-m18n2,6 Jun 2025 04:19:19.174,6 Jun 2025 04:30:22.650,663.476
Satellite136-m18n3,6 Jun 2025 04:19:36.880,6 Jun 2025 04:31:17.595,700.715
Satellite136-m18n4,6 Jun 2025 04:19:33.876,6 Jun 2025 04:30:23.008,649.132
Satellite141-m10n1,6 Jun 2025 04:05:49.744,6 Jun 2025 04:09:50.431,240.687
Satellite141-m10n2,6 Jun 2025 04:06:26.429,6 Jun 2025 04:10:18.220,231.791
Satellite141-m10n3,6 Jun 2025 04:06:55.549,6 Jun 2025 04:10:39.806,224.257
Satellite141-m10n4,6 Jun 2025 04:07:25.006,6 Jun 2025 04:11:02.564,217.558
Satellite141-m13n1,6 Jun 2025 04:20:45.339,6 Jun 2025 04:23:34.330,168.991
Satellite141-m13n2,6 Jun 2025 04:21:11.561,6 Jun 2025 04:24:15.662,184.101
Satellite141-m13n3,6 Jun 2025 04:22:07.650,6 Jun 2025 04:25:58.429,230.779
Satellite141-m15n1,6 Jun 2025 04:03:31.596,6 Jun 2025 04:10:25.470,413.874
Satellite141-m15n2,6 Jun 2025 04:04:20.721,6 Jun 2025 04:11:19.747,419.026
Satellite141-m15n3,6 Jun 2025 04:05:02.509,6 Jun 2025 04:12:06.212,423.703
Satellite141-m15n4,6 Jun 2025 04:05:47.314,6 Jun 2025 04:12:58.817,431.503
Satellite141-m15n5,6 Jun 2025 04:06:25.022,6 Jun 2025 04:13:29.380,424.358
Satellite141-m17n4,6 Jun 2025 04:08:21.037,6 Jun 2025 04:14:15.255,354.218
Satellite141-m17n5,6 Jun 2025 04:08:33.544,6 Jun 2025 04:14:50.041,376.497
Satellite141-m18n1,6 Jun 2025 04:06:19.766,6 Jun 2025 04:12:03.283,343.517
Satellite141-m18n2,6 Jun 2025 04:06:46.638,6 Jun 2025 04:12:19.877,333.239
Satellite141-m18n3,6 Jun 2025 04:07:08.249,6 Jun 2025 04:12:37.211,328.962
Satellite141-m18n4,6 Jun 2025 04:07:58.296,6 Jun 2025 04:12:54.906,296.61
Satellite141-m19n1,6 Jun 2025 04:02:44.482,6 Jun 2025 04:21:50.981,1146.499
Satellite141-m19n2,6 Jun 2025 04:03:33.040,6 Jun 2025 04:22:52.521,1159.481
Satellite141-m19n3,6 Jun 2025 04:04:04.627,6 Jun 2025 04:23:14.800,1150.173
Satellite141-m19n4,6 Jun 2025 04:05:05.642,6 Jun 2025 04:23:00.200,1074.558
Satellite141-m1n1,6 Jun 2025 04:22:33.742,6 Jun 2025 04:25:28.368,174.626
Satellite141-m1n2,6 Jun 2025 04:22:51.537,6 Jun 2025 04:26:10.509,198.972
Satellite141-m1n3,6 Jun 2025 04:23:13.732,6 Jun 2025 04:27:01.029,227.297
Satellite141-m1n4,6 Jun 2025 04:23:04.715,6 Jun 2025 04:26:26.555,201.84
Satellite141-m20n1,6 Jun 2025 04:11:45.102,6 Jun 2025 04:20:44.934,539.832
Satellite141-m20n2,6 Jun 2025 04:11:55.807,6 Jun 2025 04:20:58.111,542.304
Satellite141-m20n3,6 Jun 2025 04:12:08.885,6 Jun 2025 04:21:13.941,545.056
Satellite141-m20n4,6 Jun 2025 04:12:39.311,6 Jun 2025 04:22:14.195,574.884
Satellite141-m20n5,6 Jun 2025 04:12:51.963,6 Jun 2025 04:22:31.448,579.485
Satellite141-m3n1,6 Jun 2025 04:24:14.125,6 Jun 2025 04:25:01.172,47.047
Satellite141-m3n2,6 Jun 2025 04:24:14.761,6 Jun 2025 04:25:05.188,50.427
Satellite141-m3n3,6 Jun 2025 04:24:32.947,6 Jun 2025 04:26:38.138,125.191
Satellite141-m3n4,6 Jun 2025 04:24:37.993,6 Jun 2025 04:26:47.126,129.133
Satellite141-m6n1,6 Jun 2025 04:36:16.527,6 Jun 2025 04:38:39.363,142.836
Satellite141-m6n2,6 Jun 2025 04:37:40.838,6 Jun 2025 04:40:19.186,158.348
Satellite141-m6n3,6 Jun 2025 04:38:32.400,6 Jun 2025 04:41:12.255,159.855
Satellite141-m6n4,6 Jun 2025 04:39:12.356,6 Jun 2025 04:41:49.137,156.781
Satellite142-m11n1,6 Jun 2025 04:02:46.477,6 Jun 2025 04:06:07.369,200.892
Satellite142-m11n2,6 Jun 2025 04:03:24.035,6 Jun 2025 04:07:05.318,221.283
Satellite142-m11n3,6 Jun 2025 04:03:57.500,6 Jun 2025 04:08:12.097,254.597
Satellite142-m1n1,6 Jun 2025 04:16:10.968,6 Jun 2025 04:24:01.537,470.569
Satellite142-m1n2,6 Jun 2025 04:17:34.458,6 Jun 2025 04:23:18.708,344.25
Satellite142-m1n4,6 Jun 2025 04:20:01.581,6 Jun 2025 04:21:51.247,109.666
Satellite142-m20n1,6 Jun 2025 04:06:40.987,6 Jun 2025 04:11:33.567,292.58
Satellite142-m20n2,6 Jun 2025 04:07:17.612,6 Jun 2025 04:11:50.758,273.146
Satellite142-m20n3,6 Jun 2025 04:08:05.529,6 Jun 2025 04:12:13.205,247.676
Satellite142-m20n4,6 Jun 2025 04:08:26.532,6 Jun 2025 04:12:48.853,262.321
Satellite142-m20n5,6 Jun 2025 04:09:00.746,6 Jun 2025 04:13:08.519,247.773
Satellite142-m2n1,6 Jun 2025 04:03:50.912,6 Jun 2025 04:05:48.785,117.873
Satellite142-m2n2,6 Jun 2025 04:04:16.514,6 Jun 2025 04:06:41.846,145.332
Satellite142-m2n3,6 Jun 2025 04:04:34.956,6 Jun 2025 04:06:32.413,117.457
Satellite142-m2n4,6 Jun 2025 04:05:10.018,6 Jun 2025 04:07:14.972,124.954
Satellite142-m3n1,6 Jun 2025 04:19:20.719,6 Jun 2025 04:25:01.252,340.533
Satellite142-m3n2,6 Jun 2025 04:20:10.821,6 Jun 2025 04:25:05.185,294.364
Satellite142-m4n1,6 Jun 2025 04:08:08.507,6 Jun 2025 04:14:11.667,363.16
Satellite142-m4n2,6 Jun 2025 04:08:47.842,6 Jun 2025 04:14:41.071,353.229
Satellite142-m4n3,6 Jun 2025 04:09:14.273,6 Jun 2025 04:15:04.421,350.148
Satellite142-m4n4,6 Jun 2025 04:09:45.693,6 Jun 2025 04:15:25.924,340.231
Satellite142-m4n5,6 Jun 2025 04:10:03.518,6 Jun 2025 04:15:44.489,340.971
Satellite143-m14n1,6 Jun 2025 04:03:21.190,6 Jun 2025 04:06:08.536,167.346
Satellite143-m14n2,6 Jun 2025 04:04:07.863,6 Jun 2025 04:06:35.070,147.207
Satellite143-m14n3,6 Jun 2025 04:04:52.474,6 Jun 2025 04:07:20.215,147.741
Satellite143-m14n4,6 Jun 2025 04:05:52.859,6 Jun 2025 04:07:51.706,118.847
Satellite143-m2n1,6 Jun 2025 04:04:02.303,6 Jun 2025 04:05:31.055,88.752
Satellite143-m2n2,6 Jun 2025 04:04:23.834,6 Jun 2025 04:05:58.122,94.288
Satellite143-m2n3,6 Jun 2025 04:04:55.727,6 Jun 2025 04:06:09.464,73.737
Satellite143-m2n4,6 Jun 2025 04:05:25.072,6 Jun 2025 04:06:35.285,70.213
Satellite143-m7n1,6 Jun 2025 04:03:41.950,6 Jun 2025 04:06:27.140,165.19
Satellite143-m7n2,6 Jun 2025 04:04:11.281,6 Jun 2025 04:06:57.151,165.87
Satellite143-m7n3,6 Jun 2025 04:04:56.703,6 Jun 2025 04:07:37.747,161.044
Satellite143-m7n4,6 Jun 2025 04:05:34.376,6 Jun 2025 04:07:53.040,138.664
Satellite146-m10n3,6 Jun 2025 04:11:30.072,6 Jun 2025 04:15:13.194,223.122
Satellite146-m10n4,6 Jun 2025 04:11:05.216,6 Jun 2025 04:16:25.245,320.029
Satellite146-m17n2,6 Jun 2025 04:11:57.478,6 Jun 2025 04:12:06.285,8.807
Satellite146-m17n3,6 Jun 2025 04:12:10.351,6 Jun 2025 04:12:30.479,20.128
Satellite146-m17n4,6 Jun 2025 04:12:41.613,6 Jun 2025 04:14:03.115,81.502
Satellite146-m17n5,6 Jun 2025 04:13:01.613,6 Jun 2025 04:14:40.000,98.387
Satellite146-m20n4,6 Jun 2025 04:25:37.841,6 Jun 2025 04:26:17.579,39.738
Satellite146-m20n5,6 Jun 2025 04:25:50.340,6 Jun 2025 04:26:42.519,52.179
Satellite151-m10n1,6 Jun 2025 04:39:39.781,6 Jun 2025 04:41:57.749,137.968
Satellite151-m10n2,6 Jun 2025 04:40:10.141,6 Jun 2025 04:42:41.861,151.72
Satellite151-m10n3,6 Jun 2025 04:40:35.570,6 Jun 2025 04:43:18.130,162.56
Satellite151-m10n4,6 Jun 2025 04:41:02.626,6 Jun 2025 04:43:54.917,172.291
Satellite151-m13n1,6 Jun 2025 04:14:42.789,6 Jun 2025 04:18:59.494,256.705
Satellite151-m13n2,6 Jun 2025 04:15:08.441,6 Jun 2025 04:19:31.730,263.289
Satellite151-m13n3,6 Jun 2025 04:15:49.816,6 Jun 2025 04:20:54.465,304.649
Satellite151-m13n3,6 Jun 2025 04:25:06.910,6 Jun 2025 04:27:10.430,123.52
Satellite151-m15n1,6 Jun 2025 04:19:03.398,6 Jun 2025 04:30:11.593,668.195
Satellite151-m15n2,6 Jun 2025 04:19:22.448,6 Jun 2025 04:30:51.253,688.805
Satellite151-m15n3,6 Jun 2025 04:19:46.417,6 Jun 2025 04:24:55.227,308.81
Satellite151-m15n3,6 Jun 2025 04:25:44.232,6 Jun 2025 04:31:52.762,368.53
Satellite151-m15n4,6 Jun 2025 04:20:39.108,6 Jun 2025 04:22:46.404,127.296
Satellite151-m15n4,6 Jun 2025 04:29:39.698,6 Jun 2025 04:34:39.442,299.744
Satellite151-m15n5,6 Jun 2025 04:20:46.483,6 Jun 2025 04:23:49.051,182.568
Satellite151-m15n5,6 Jun 2025 04:29:08.984,6 Jun 2025 04:34:48.946,339.962
Satellite151-m17n1,6 Jun 2025 04:02:41.615,6 Jun 2025 04:03:29.515,47.9
Satellite151-m17n2,6 Jun 2025 04:03:17.598,6 Jun 2025 04:03:43.926,26.328
Satellite151-m1n1,6 Jun 2025 04:14:46.308,6 Jun 2025 04:20:24.604,338.296
Satellite151-m1n1,6 Jun 2025 04:23:02.677,6 Jun 2025 04:26:02.358,179.681
Satellite151-m1n2,6 Jun 2025 04:15:05.245,6 Jun 2025 04:20:53.725,348.48
Satellite151-m1n2,6 Jun 2025 04:23:02.608,6 Jun 2025 04:27:05.368,242.76
Satellite151-m1n3,6 Jun 2025 04:15:25.965,6 Jun 2025 04:21:31.820,365.855
Satellite151-m1n3,6 Jun 2025 04:23:02.887,6 Jun 2025 04:28:10.356,307.469
Satellite151-m1n4,6 Jun 2025 04:15:27.730,6 Jun 2025 04:20:43.961,316.231
Satellite151-m1n4,6 Jun 2025 04:23:56.120,6 Jun 2025 04:27:31.579,215.459
Satellite151-m20n1,6 Jun 2025 04:02:32.887,6 Jun 2025 04:06:54.852,261.965
Satellite151-m20n1,6 Jun 2025 04:09:06.619,6 Jun 2025 04:14:29.177,322.558
Satellite151-m20n2,6 Jun 2025 04:03:14.975,6 Jun 2025 04:06:49.906,214.931
Satellite151-m20n2,6 Jun 2025 04:09:33.252,6 Jun 2025 04:14:42.099,308.847
Satellite151-m20n3,6 Jun 2025 04:04:23.779,6 Jun 2025 04:06:28.948,125.169
Satellite151-m20n3,6 Jun 2025 04:10:11.886,6 Jun 2025 04:14:59.109,287.223
Satellite151-m20n4,6 Jun 2025 04:04:57.810,6 Jun 2025 04:07:33.742,155.932
Satellite151-m20n4,6 Jun 2025 04:10:04.720,6 Jun 2025 04:15:32.255,327.535
Satellite151-m20n5,6 Jun 2025 04:06:20.927,6 Jun 2025 04:06:51.769,30.842
Satellite151-m20n5,6 Jun 2025 04:10:34.892,6 Jun 2025 04:15:47.851,312.959
Satellite151-m2n1,6 Jun 2025 04:07:42.343,6 Jun 2025 04:08:24.566,42.223
Satellite151-m2n2,6 Jun 2025 04:08:14.705,6 Jun 2025 04:09:45.677,90.972
Satellite151-m2n3,6 Jun 2025 04:08:24.355,6 Jun 2025 04:09:47.370,83.015
Satellite151-m2n4,6 Jun 2025 04:08:55.180,6 Jun 2025 04:10:54.820,119.64
Satellite151-m3n1,6 Jun 2025 04:14:51.871,6 Jun 2025 04:20:33.122,341.251
Satellite151-m3n2,6 Jun 2025 04:14:59.562,6 Jun 2025 04:20:23.473,323.911
Satellite151-m3n3,6 Jun 2025 04:15:28.102,6 Jun 2025 04:21:14.741,346.639
Satellite151-m3n4,6 Jun 2025 04:15:39.099,6 Jun 2025 04:21:12.266,333.167
Satellite151-m4n1,6 Jun 2025 04:03:35.633,6 Jun 2025 04:14:49.921,674.288
Satellite151-m4n2,6 Jun 2025 04:04:04.243,6 Jun 2025 04:15:20.397,676.154
Satellite151-m4n3,6 Jun 2025 04:04:30.572,6 Jun 2025 04:15:47.363,676.791
Satellite151-m4n4,6 Jun 2025 04:05:24.617,6 Jun 2025 04:08:46.482,201.865
Satellite151-m4n4,6 Jun 2025 04:10:45.966,6 Jun 2025 04:16:12.660,326.694
Satellite151-m4n5,6 Jun 2025 04:06:06.871,6 Jun 2025 04:08:41.806,154.935
Satellite151-m4n5,6 Jun 2025 04:11:21.409,6 Jun 2025 04:16:36.591,315.182
Satellite151-m6n1,6 Jun 2025 04:23:08.735,6 Jun 2025 04:38:53.610,944.875
Satellite151-m6n2,6 Jun 2025 04:23:59.181,6 Jun 2025 04:25:26.741,87.56
Satellite151-m6n2,6 Jun 2025 04:30:08.219,6 Jun 2025 04:39:45.917,577.698
Satellite151-m6n3,6 Jun 2025 04:24:34.939,6 Jun 2025 04:26:02.592,87.653
Satellite151-m6n3,6 Jun 2025 04:31:00.954,6 Jun 2025 04:40:03.334,542.38
Satellite151-m6n4,6 Jun 2025 04:25:04.608,6 Jun 2025 04:26:49.871,105.263
Satellite151-m6n4,6 Jun 2025 04:31:20.472,6 Jun 2025 04:40:14.715,534.243
Satellite152-m11n1,6 Jun 2025 04:11:28.924,6 Jun 2025 04:21:56.851,627.927
Satellite152-m11n2,6 Jun 2025 04:11:11.955,6 Jun 2025 04:22:38.875,686.92
Satellite152-m11n3,6 Jun 2025 04:09:45.176,6 Jun 2025 04:25:05.751,920.575
Satellite152-m12n3,6 Jun 2025 04:10:24.610,6 Jun 2025 04:10:56.361,31.751
Satellite152-m13n1,6 Jun 2025 04:05:38.505,6 Jun 2025 04:15:34.707,596.202
Satellite152-m13n2,6 Jun 2025 04:06:12.068,6 Jun 2025 04:15:52.113,580.045
Satellite152-m13n3,6 Jun 2025 04:06:45.875,6 Jun 2025 04:16:14.814,568.939
Satellite152-m14n1,6 Jun 2025 04:02:47.410,6 Jun 2025 04:08:06.781,319.371
Satellite152-m14n2,6 Jun 2025 04:03:42.196,6 Jun 2025 04:07:44.321,242.125
Satellite152-m14n3,6 Jun 2025 04:04:33.883,6 Jun 2025 04:08:39.924,246.041
Satellite152-m14n3,6 Jun 2025 04:16:45.022,6 Jun 2025 04:20:23.119,218.097
Satellite152-m14n4,6 Jun 2025 04:06:34.501,6 Jun 2025 04:07:22.131,47.63
Satellite152-m14n4,6 Jun 2025 04:17:34.698,6 Jun 2025 04:20:13.834,159.136
Satellite152-m1n1,6 Jun 2025 04:04:25.663,6 Jun 2025 04:16:25.313,719.65
Satellite152-m1n2,6 Jun 2025 04:04:46.856,6 Jun 2025 04:16:41.666,714.81
Satellite152-m1n3,6 Jun 2025 04:05:06.714,6 Jun 2025 04:16:57.978,711.264
Satellite152-m1n4,6 Jun 2025 04:05:37.114,6 Jun 2025 04:17:03.230,686.116
Satellite152-m20n1,6 Jun 2025 04:02:33.610,6 Jun 2025 04:03:20.450,46.84
Satellite152-m20n2,6 Jun 2025 04:03:14.972,6 Jun 2025 04:03:38.899,23.927
Satellite152-m2n1,6 Jun 2025 04:04:39.357,6 Jun 2025 04:08:24.055,224.698
Satellite152-m2n2,6 Jun 2025 04:04:34.790,6 Jun 2025 04:08:42.092,247.302
Satellite152-m2n3,6 Jun 2025 04:05:16.197,6 Jun 2025 04:08:46.508,210.311
Satellite152-m2n4,6 Jun 2025 04:05:35.663,6 Jun 2025 04:08:59.246,203.583
Satellite152-m3n1,6 Jun 2025 04:04:59.636,6 Jun 2025 04:16:35.079,695.443
Satellite152-m3n2,6 Jun 2025 04:05:33.765,6 Jun 2025 04:16:40.424,666.659
Satellite152-m3n3,6 Jun 2025 04:06:12.056,6 Jun 2025 04:16:50.970,638.914
Satellite152-m3n4,6 Jun 2025 04:06:47.836,6 Jun 2025 04:16:57.214,609.378
Satellite152-m4n1,6 Jun 2025 04:03:22.732,6 Jun 2025 04:05:11.509,108.777
Satellite152-m4n2,6 Jun 2025 04:04:08.607,6 Jun 2025 04:05:40.709,92.102
Satellite152-m4n3,6 Jun 2025 04:04:45.570,6 Jun 2025 04:06:04.452,78.882
Satellite152-m4n4,6 Jun 2025 04:05:31.067,6 Jun 2025 04:06:29.737,58.67
Satellite152-m4n5,6 Jun 2025 04:06:04.613,6 Jun 2025 04:06:50.091,45.478
Satellite152-m7n1,6 Jun 2025 04:03:03.567,6 Jun 2025 04:07:51.724,288.157
Satellite152-m7n2,6 Jun 2025 04:03:38.681,6 Jun 2025 04:08:26.263,287.582
Satellite152-m7n3,6 Jun 2025 04:04:36.479,6 Jun 2025 04:09:13.180,276.701
Satellite152-m7n3,6 Jun 2025 04:17:06.621,6 Jun 2025 04:21:49.422,282.801
Satellite152-m7n4,6 Jun 2025 04:05:52.049,6 Jun 2025 04:08:06.502,134.453
Satellite152-m7n4,6 Jun 2025 04:18:09.113,6 Jun 2025 04:21:03.267,174.154
Satellite153-m16n1,6 Jun 2025 04:04:20.548,6 Jun 2025 04:06:21.768,121.22
Satellite155-m20n4,6 Jun 2025 04:25:01.239,6 Jun 2025 04:26:09.379,68.14
Satellite155-m20n5,6 Jun 2025 04:25:13.856,6 Jun 2025 04:26:30.505,76.649
Satellite156-m13n3,6 Jun 2025 04:26:50.953,6 Jun 2025 04:27:21.865,30.912
Satellite156-m17n3,6 Jun 2025 04:06:27.919,6 Jun 2025 04:07:50.384,82.465
Satellite156-m17n4,6 Jun 2025 04:04:59.935,6 Jun 2025 04:11:04.850,364.915
Satellite156-m17n5,6 Jun 2025 04:06:00.662,6 Jun 2025 04:12:24.568,383.906
Satellite156-m19n1,6 Jun 2025 04:02:50.218,6 Jun 2025 04:24:16.075,1285.857
Satellite156-m19n2,6 Jun 2025 04:03:47.632,6 Jun 2025 04:24:11.364,1223.732
Satellite156-m19n3,6 Jun 2025 04:04:27.650,6 Jun 2025 04:23:57.406,1169.756
Satellite156-m19n4,6 Jun 2025 04:05:51.071,6 Jun 2025 04:23:05.728,1034.657
Satellite156-m20n1,6 Jun 2025 04:12:58.015,6 Jun 2025 04:17:33.871,275.856
Satellite156-m20n2,6 Jun 2025 04:13:10.998,6 Jun 2025 04:17:40.653,269.655
Satellite156-m20n3,6 Jun 2025 04:13:28.042,6 Jun 2025 04:17:46.639,258.597
Satellite156-m20n4,6 Jun 2025 04:14:05.360,6 Jun 2025 04:18:57.396,292.036
Satellite156-m20n4,6 Jun 2025 04:22:37.509,6 Jun 2025 04:26:17.415,219.906
Satellite156-m20n5,6 Jun 2025 04:14:21.461,6 Jun 2025 04:19:09.069,287.608
Satellite156-m20n5,6 Jun 2025 04:22:50.983,6 Jun 2025 04:26:40.838,229.855
Satellite156-m4n1,6 Jun 2025 04:15:48.224,6 Jun 2025 04:17:39.670,111.446
Satellite156-m4n1,6 Jun 2025 04:22:00.215,6 Jun 2025 04:23:20.602,80.387
Satellite156-m4n2,6 Jun 2025 04:16:08.721,6 Jun 2025 04:18:15.016,126.295
Satellite156-m4n2,6 Jun 2025 04:22:28.126,6 Jun 2025 04:23:51.714,83.588
Satellite156-m4n3,6 Jun 2025 04:16:27.357,6 Jun 2025 04:18:23.889,116.532
Satellite156-m4n3,6 Jun 2025 04:23:20.160,6 Jun 2025 04:24:22.902,62.742
Satellite156-m4n4,6 Jun 2025 04:16:41.732,6 Jun 2025 04:19:12.412,150.68
Satellite156-m4n4,6 Jun 2025 04:23:20.383,6 Jun 2025 04:24:47.473,87.09
Satellite156-m4n5,6 Jun 2025 04:16:59.308,6 Jun 2025 04:19:11.423,132.115
Satellite156-m4n5,6 Jun 2025 04:24:18.043,6 Jun 2025 04:25:16.564,58.521
Satellite156-m6n2,6 Jun 2025 04:38:20.218,6 Jun 2025 04:40:36.072,135.854
Satellite156-m6n3,6 Jun 2025 04:38:00.323,6 Jun 2025 04:41:25.147,204.824
Satellite156-m6n4,6 Jun 2025 04:37:53.679,6 Jun 2025 04:41:55.839,242.16
Satellite161-m10n1,6 Jun 2025 04:24:22.498,6 Jun 2025 04:25:32.790,70.292
Satellite161-m10n1,6 Jun 2025 04:31:09.641,6 Jun 2025 04:40:34.561,564.92
Satellite161-m10n2,6 Jun 2025 04:24:39.964,6 Jun 2025 04:25:43.541,63.577
Satellite161-m10n2,6 Jun 2025 04:31:40.117,6 Jun 2025 04:41:14.075,573.958
Satellite161-m10n3,6 Jun 2025 04:24:55.113,6 Jun 2025 04:25:54.843,59.73
Satellite161-m10n3,6 Jun 2025 04:32:02.044,6 Jun 2025 04:41:43.986,581.942
Satellite161-m10n4,6 Jun 2025 04:25:09.895,6 Jun 2025 04:26:07.198,57.303
Satellite161-m10n4,6 Jun 2025 04:32:21.983,6 Jun 2025 04:42:12.648,590.665
Satellite161-m11n1,6 Jun 2025 04:05:47.044,6 Jun 2025 04:24:36.627,1129.583
Satellite161-m11n2,6 Jun 2025 04:06:58.648,6 Jun 2025 04:24:58.752,1080.104
Satellite161-m11n3,6 Jun 2025 04:07:53.377,6 Jun 2025 04:26:20.416,1107.039
Satellite161-m13n1,6 Jun 2025 04:08:41.728,6 Jun 2025 04:13:22.796,281.068
Satellite161-m13n1,6 Jun 2025 04:16:01.929,6 Jun 2025 04:20:33.717,271.788
Satellite161-m13n2,6 Jun 2025 04:09:07.319,6 Jun 2025 04:13:48.923,281.604
Satellite161-m13n2,6 Jun 2025 04:16:23.151,6 Jun 2025 04:20:59.041,275.89
Satellite161-m13n3,6 Jun 2025 04:09:37.160,6 Jun 2025 04:14:55.998,318.838
Satellite161-m13n3,6 Jun 2025 04:16:26.367,6 Jun 2025 04:21:44.810,318.443
Satellite161-m14n1,6 Jun 2025 04:07:21.981,6 Jun 2025 04:17:06.497,584.516
Satellite161-m14n2,6 Jun 2025 04:07:19.918,6 Jun 2025 04:17:10.683,590.765
Satellite161-m14n3,6 Jun 2025 04:07:23.562,6 Jun 2025 04:19:00.469,696.907
Satellite161-m14n4,6 Jun 2025 04:07:36.266,6 Jun 2025 04:18:53.134,676.868
Satellite161-m15n1,6 Jun 2025 04:12:22.807,6 Jun 2025 04:15:27.210,184.403
Satellite161-m15n1,6 Jun 2025 04:24:02.803,6 Jun 2025 04:27:43.196,220.393
Satellite161-m15n2,6 Jun 2025 04:12:47.612,6 Jun 2025 04:15:55.919,188.307
Satellite161-m15n2,6 Jun 2025 04:24:31.048,6 Jun 2025 04:27:57.031,205.983
Satellite161-m15n3,6 Jun 2025 04:13:12.383,6 Jun 2025 04:16:10.706,178.323
Satellite161-m15n3,6 Jun 2025 04:25:13.913,6 Jun 2025 04:28:10.280,176.367
Satellite161-m15n4,6 Jun 2025 04:13:50.591,6 Jun 2025 04:16:12.646,142.055
Satellite161-m15n4,6 Jun 2025 04:26:35.729,6 Jun 2025 04:28:29.834,114.105
Satellite161-m15n5,6 Jun 2025 04:14:05.489,6 Jun 2025 04:16:52.535,167.046
Satellite161-m15n5,6 Jun 2025 04:26:20.966,6 Jun 2025 04:28:32.775,131.809
Satellite161-m18n1,6 Jun 2025 04:22:09.021,6 Jun 2025 04:27:21.121,312.1
Satellite161-m18n2,6 Jun 2025 04:22:29.094,6 Jun 2025 04:27:48.693,319.599
Satellite161-m18n3,6 Jun 2025 04:23:00.054,6 Jun 2025 04:28:41.220,341.166
Satellite161-m18n4,6 Jun 2025 04:22:45.325,6 Jun 2025 04:27:48.008,302.683
Satellite161-m1n1,6 Jun 2025 04:07:54.603,6 Jun 2025 04:19:19.580,684.977
Satellite161-m1n2,6 Jun 2025 04:08:13.419,6 Jun 2025 04:19:41.616,688.197
Satellite161-m1n3,6 Jun 2025 04:08:31.826,6 Jun 2025 04:20:06.158,694.332
Satellite161-m1n4,6 Jun 2025 04:08:49.659,6 Jun 2025 04:20:06.916,677.257
Satellite161-m20n1,6 Jun 2025 04:04:01.491,6 Jun 2025 04:07:17.836,196.345
Satellite161-m20n2,6 Jun 2025 04:04:35.325,6 Jun 2025 04:07:37.095,181.77
Satellite161-m20n3,6 Jun 2025 04:05:22.133,6 Jun 2025 04:08:02.924,160.791
Satellite161-m20n4,6 Jun 2025 04:05:46.603,6 Jun 2025 04:08:29.860,163.257
Satellite161-m20n5,6 Jun 2025 04:06:21.786,6 Jun 2025 04:08:50.066,148.28
Satellite161-m3n1,6 Jun 2025 04:07:58.856,6 Jun 2025 04:20:04.481,725.625
Satellite161-m3n2,6 Jun 2025 04:08:16.877,6 Jun 2025 04:13:42.255,325.378
Satellite161-m3n2,6 Jun 2025 04:14:50.253,6 Jun 2025 04:20:14.314,324.061
Satellite161-m3n3,6 Jun 2025 04:08:42.820,6 Jun 2025 04:20:53.859,731.039
Satellite161-m3n4,6 Jun 2025 04:09:01.827,6 Jun 2025 04:14:27.054,325.227
Satellite161-m3n4,6 Jun 2025 04:15:36.011,6 Jun 2025 04:21:05.810,329.799
Satellite161-m4n1,6 Jun 2025 04:05:02.225,6 Jun 2025 04:08:56.488,234.263
Satellite161-m4n2,6 Jun 2025 04:05:52.426,6 Jun 2025 04:09:28.339,215.913
Satellite161-m4n3,6 Jun 2025 04:06:29.581,6 Jun 2025 04:09:55.082,205.501
Satellite161-m4n4,6 Jun 2025 04:07:13.534,6 Jun 2025 04:10:22.573,189.039
Satellite161-m4n5,6 Jun 2025 04:07:43.590,6 Jun 2025 04:10:45.936,182.346
Satellite161-m5n3,6 Jun 2025 04:05:59.657,6 Jun 2025 04:07:30.453,90.796
Satellite161-m6n1,6 Jun 2025 04:15:25.704,6 Jun 2025 04:17:20.194,114.49
Satellite161-m6n1,6 Jun 2025 04:20:53.496,6 Jun 2025 04:21:33.616,40.12
Satellite161-m6n1,6 Jun 2025 04:21:55.780,6 Jun 2025 04:22:42.007,46.227
Satellite161-m6n1,6 Jun 2025 04:25:37.762,6 Jun 2025 04:28:02.831,145.069
Satellite161-m6n2,6 Jun 2025 04:15:53.729,6 Jun 2025 04:17:05.212,71.483
Satellite161-m6n2,6 Jun 2025 04:27:13.744,6 Jun 2025 04:28:38.358,84.614
Satellite161-m6n3,6 Jun 2025 04:16:19.471,6 Jun 2025 04:17:37.476,78.005
Satellite161-m6n3,6 Jun 2025 04:27:42.785,6 Jun 2025 04:29:02.070,79.285
Satellite161-m6n4,6 Jun 2025 04:16:41.474,6 Jun 2025 04:18:12.150,90.676
Satellite161-m6n4,6 Jun 2025 04:27:58.181,6 Jun 2025 04:29:20.642,82.461
Satellite161-m7n1,6 Jun 2025 04:04:26.571,6 Jun 2025 04:18:11.442,824.871
Satellite161-m7n2,6 Jun 2025 04:03:28.494,6 Jun 2025 04:19:21.880,953.386
Satellite161-m7n3,6 Jun 2025 04:04:17.773,6 Jun 2025 04:20:58.032,1000.259
Satellite161-m7n4,6 Jun 2025 04:05:01.712,6 Jun 2025 04:20:29.653,927.941
Satellite162-m10n1,6 Jun 2025 04:18:51.583,6 Jun 2025 04:23:55.431,303.848
Satellite162-m13n1,6 Jun 2025 04:06:14.110,6 Jun 2025 04:10:02.477,228.367
Satellite162-m13n2,6 Jun 2025 04:06:47.201,6 Jun 2025 04:10:27.706,220.505
Satellite162-m13n3,6 Jun 2025 04:07:03.746,6 Jun 2025 04:10:56.169,232.423
Satellite162-m1n1,6 Jun 2025 04:05:02.192,6 Jun 2025 04:08:47.459,225.267
Satellite162-m1n2,6 Jun 2025 04:05:23.446,6 Jun 2025 04:09:06.203,222.757
Satellite162-m1n3,6 Jun 2025 04:05:40.538,6 Jun 2025 04:09:24.455,223.917
Satellite162-m1n4,6 Jun 2025 04:06:33.230,6 Jun 2025 04:09:45.198,191.968
Satellite162-m3n1,6 Jun 2025 04:05:41.822,6 Jun 2025 04:09:28.254,226.432
Satellite162-m3n2,6 Jun 2025 04:06:18.886,6 Jun 2025 04:09:47.832,208.946
Satellite162-m3n3,6 Jun 2025 04:06:40.557,6 Jun 2025 04:10:14.275,213.718
Satellite162-m3n4,6 Jun 2025 04:07:15.573,6 Jun 2025 04:10:34.314,198.741
Satellite162-m6n1,6 Jun 2025 04:06:56.893,6 Jun 2025 04:15:55.835,538.942
Satellite162-m6n2,6 Jun 2025 04:07:22.074,6 Jun 2025 04:16:10.904,528.83
Satellite162-m6n3,6 Jun 2025 04:08:01.516,6 Jun 2025 04:16:24.830,503.314
Satellite162-m6n4,6 Jun 2025 04:08:36.816,6 Jun 2025 04:16:37.468,480.652
Satellite163-m4n1,6 Jun 2025 04:38:33.118,6 Jun 2025 04:39:04.797,31.679
Satellite163-m4n2,6 Jun 2025 04:39:02.576,6 Jun 2025 04:39:52.211,49.635
Satellite163-m4n3,6 Jun 2025 04:39:36.661,6 Jun 2025 04:40:46.297,69.636
Satellite163-m4n4,6 Jun 2025 04:39:53.809,6 Jun 2025 04:41:10.349,76.54
Satellite163-m4n5,6 Jun 2025 04:40:27.933,6 Jun 2025 04:42:02.303,94.37
Satellite164-m4n1,6 Jun 2025 04:29:33.524,6 Jun 2025 04:39:05.926,572.402
Satellite164-m4n2,6 Jun 2025 04:30:00.197,6 Jun 2025 04:39:54.957,594.76
Satellite164-m4n3,6 Jun 2025 04:30:30.056,6 Jun 2025 04:40:27.050,596.994
Satellite164-m4n4,6 Jun 2025 04:30:47.060,6 Jun 2025 04:40:43.218,596.158
Satellite164-m4n5,6 Jun 2025 04:31:16.352,6 Jun 2025 04:41:15.002,598.65
Satellite165-m4n1,6 Jun 2025 04:19:42.156,6 Jun 2025 04:20:35.504,53.348
Satellite165-m4n1,6 Jun 2025 04:26:51.697,6 Jun 2025 04:29:03.536,131.839
Satellite165-m4n2,6 Jun 2025 04:20:06.062,6 Jun 2025 04:21:04.884,58.822
Satellite165-m4n2,6 Jun 2025 04:27:24.401,6 Jun 2025 04:29:30.388,125.987
Satellite165-m4n3,6 Jun 2025 04:20:30.857,6 Jun 2025 04:21:19.961,49.104
Satellite165-m4n3,6 Jun 2025 04:28:13.001,6 Jun 2025 04:29:57.624,104.623
Satellite165-m4n4,6 Jun 2025 04:20:48.783,6 Jun 2025 04:21:57.126,68.343
Satellite165-m4n4,6 Jun 2025 04:28:19.734,6 Jun 2025 04:30:15.800,116.066
Satellite165-m4n5,6 Jun 2025 04:21:12.028,6 Jun 2025 04:22:05.511,53.483
Satellite165-m4n5,6 Jun 2025 04:29:11.360,6 Jun 2025 04:30:41.975,90.615
Satellite166-m13n1,6 Jun 2025 04:19:01.659,6 Jun 2025 04:21:59.171,177.512
Satellite166-m13n2,6 Jun 2025 04:19:27.400,6 Jun 2025 04:22:33.443,186.043
Satellite166-m13n3,6 Jun 2025 04:20:14.865,6 Jun 2025 04:23:55.075,220.21
Satellite166-m15n1,6 Jun 2025 04:26:27.464,6 Jun 2025 04:34:44.713,497.249
Satellite166-m15n2,6 Jun 2025 04:26:26.184,6 Jun 2025 04:35:31.426,545.242
Satellite166-m15n3,6 Jun 2025 04:26:27.690,6 Jun 2025 04:36:23.605,595.915
Satellite166-m15n4,6 Jun 2025 04:26:38.512,6 Jun 2025 04:37:51.010,672.498
Satellite166-m15n5,6 Jun 2025 04:26:36.732,6 Jun 2025 04:37:58.588,681.856
Satellite166-m19n1,6 Jun 2025 04:20:25.091,6 Jun 2025 04:26:21.551,356.46
Satellite166-m19n2,6 Jun 2025 04:21:27.995,6 Jun 2025 04:27:27.095,359.1
Satellite166-m19n3,6 Jun 2025 04:21:55.606,6 Jun 2025 04:27:49.142,353.536
Satellite166-m19n4,6 Jun 2025 04:22:11.923,6 Jun 2025 04:27:42.224,330.301
Satellite166-m1n1,6 Jun 2025 04:18:16.990,6 Jun 2025 04:22:17.334,240.344
Satellite166-m1n2,6 Jun 2025 04:18:41.344,6 Jun 2025 04:22:57.730,256.386
Satellite166-m1n3,6 Jun 2025 04:19:08.935,6 Jun 2025 04:23:49.067,280.132
Satellite166-m1n4,6 Jun 2025 04:19:05.726,6 Jun 2025 04:23:12.494,246.768
Satellite166-m20n2,6 Jun 2025 04:10:39.373,6 Jun 2025 04:11:36.003,56.63
Satellite166-m20n3,6 Jun 2025 04:09:30.445,6 Jun 2025 04:13:17.846,227.401
Satellite166-m20n4,6 Jun 2025 04:09:01.802,6 Jun 2025 04:15:02.701,360.899
Satellite166-m20n5,6 Jun 2025 04:08:52.247,6 Jun 2025 04:15:44.444,412.197
Satellite166-m2n4,6 Jun 2025 04:11:05.716,6 Jun 2025 04:11:43.611,37.895
Satellite166-m3n1,6 Jun 2025 04:19:02.652,6 Jun 2025 04:22:50.261,227.609
Satellite166-m3n2,6 Jun 2025 04:19:10.958,6 Jun 2025 04:22:50.174,219.216
Satellite166-m3n3,6 Jun 2025 04:19:50.407,6 Jun 2025 04:24:06.628,256.221
Satellite166-m3n4,6 Jun 2025 04:20:01.241,6 Jun 2025 04:24:11.101,249.86
Satellite166-m4n1,6 Jun 2025 04:09:06.903,6 Jun 2025 04:13:23.488,256.585
Satellite166-m4n1,6 Jun 2025 04:17:13.829,6 Jun 2025 04:18:30.119,76.29
Satellite166-m4n2,6 Jun 2025 04:09:31.854,6 Jun 2025 04:14:23.290,291.436
Satellite166-m4n2,6 Jun 2025 04:17:27.576,6 Jun 2025 04:18:59.680,92.104
Satellite166-m4n3,6 Jun 2025 04:09:54.308,6 Jun 2025 04:14:47.790,293.482
Satellite166-m4n3,6 Jun 2025 04:18:04.048,6 Jun 2025 04:19:26.181,82.133
Satellite166-m4n4,6 Jun 2025 04:10:16.542,6 Jun 2025 04:16:31.761,375.219
Satellite166-m4n4,6 Jun 2025 04:17:26.111,6 Jun 2025 04:19:49.533,143.422
Satellite166-m4n5,6 Jun 2025 04:10:36.352,6 Jun 2025 04:16:22.178,345.826
Satellite166-m4n5,6 Jun 2025 04:18:28.057,6 Jun 2025 04:20:13.703,105.646
Satellite166-m6n1,6 Jun 2025 04:27:06.662,6 Jun 2025 04:36:40.812,574.15
Satellite166-m6n2,6 Jun 2025 04:27:39.651,6 Jun 2025 04:37:41.883,602.232
Satellite166-m6n3,6 Jun 2025 04:27:57.740,6 Jun 2025 04:38:16.942,619.202
Satellite166-m6n4,6 Jun 2025 04:28:11.956,6 Jun 2025 04:38:41.777,629.821
